ID,First Name,Last Name,Email,Phone,password
7702,Refugio,Schaefer,refugio.schaefer@email.com,+248 1-211-436-1581 x27928,ojxLysbEJT
9741,Lorretta,Strosin,lorretta.strosin@email.com,+298 569-068-2225 x75308,pq8UkeLhF3
8449,Sina,Windler,sina.windler@email.com,+41 342-799-7872 x40331,kisgEA4XID
4560,Tiffani,Casper,tiffani.casper@email.com,+269 1-592-903-0278,lpqoCwchA6
4031,Yon,Sporer,yon.sporer@email.com,+594 765-569-3525 x82748,fRZncTrEe4
4865,Augusta,Wiza,augusta.wiza@email.com,+1-246 959-883-1407 x2362,Yy2rnCv3Jb
6708,Franklyn,Greenfelder,franklyn.greenfelder@email.com,+372 1-191-498-9458 x3215,QAPhx6eGDK
3180,Yolando,Dickinson,yolando.dickinson@email.com,+352 681.577.4427,7FGHRogkju
4588,Adina,Schmeler,adina.schmeler@email.com,+995 813-694-5283 x45399,A2RdYil9Pg
3327,Kareem,Kunze,kareem.kunze@email.com,+47 (465) 669-6195,Z6LpU9oHbE
1549,Chadwick,Kutch,chadwick.kutch@email.com,+253 308-682-6546,vhkluXP2Y6
4284,Karey,Dooley,karey.dooley@email.com,+228 632-615-1518 x3833,HQcwgLes0P
4311,Carson,Swaniawski,carson.swaniawski@email.com,+1-264 489.017.9879 x4123,T3sJepdObW
9395,Yoko,Rutherford,yoko.rutherford@email.com,+241 697-770-1460,DP9da64r8F
8279,Dolores,Spencer,dolores.spencer@email.com,+1-671 (141) 233-8806 x206,GY9D40zVmT
541,Tom,Carter,tom.carter@email.com,+378 1-179-983-5398 x105,fDXQSEr95y
9028,Sherilyn,Stanton,sherilyn.stanton@email.com,+501 492-943-7736,FXkZsh2d7m
4939,Tasha,McDermott,tasha.mcdermott@email.com,+212 939.131.0964 x006,d1R0UVnAsT
8350,Clifton,Blick,clifton.blick@email.com,+591 838.029.6474,CeyMIVfmjN
3469,Carlton,Moore,carlton.moore@email.com,+218 725.025.5355 x999,10UDnfGtcQ
7771,Dominique,Hills,dominique.hills@email.com,+680 575.373.1890 x74226,dfsyceKAMt
7597,Marcelino,Schneider,marcelino.schneider@email.com,+1-787 561.564.3339 x52542,OxJh5EWrRY
3320,Asa,O'Connell,asa.o'connell@email.com,+299 933-860-8156 x6441,Mz1jq0whoG
6803,Peggy,Schneider,peggy.schneider@email.com,+423 706.890.9670 x680,wcJnD7bqpC
7748,Loraine,Monahan,loraine.monahan@email.com,+255 1-659-717-6451 x35834,qmGDMbYlLa
5271,Norma,Rowe,norma.rowe@email.com,+61-8 665.387.8941 x7390,07ykHq3xPY
4160,Sheldon,Shanahan,sheldon.shanahan@email.com,+39 1-567-511-7616 x38411,aK2cmp1n4V
9244,Virgilio,Prohaska,virgilio.prohaska@email.com,+354 764-960-1461 x8869,SyA4k0wN8K
1293,Ralph,Steuber,ralph.steuber@email.com,+995 (432) 978-3556 x2808,vYEJX9rROU
7988,Nam,Ankunding,nam.ankunding@email.com,+243 (787) 747-2934,ATzQhsitIg
4086,Erik,Wuckert,erik.wuckert@email.com,+685 194.428.8443 x738,FztKulHqGR
6687,Craig,Feest,craig.feest@email.com,+249 109.566.5705 x846,GzYtW6DeLn
1078,Ezequiel,Kerluke,ezequiel.kerluke@email.com,+678 127-996-5555 x4597,5N3oEHuibh
5299,Emmett,Kertzmann,emmett.kertzmann@email.com,+995 456-806-8672,68Y2ntW1re
1167,Trudi,Watsica,trudi.watsica@email.com,+1-268 739.572.9291 x467,WTaskmOYJq
7148,Ahmed,Sawayn,ahmed.sawayn@email.com,+64 944-982-4116 x775,RnsmgqpDrv
234,Shala,Kris,shala.kris@email.com,+375 356.782.6317,aBqtQlgHbz
7187,Ingeborg,Klocko,ingeborg.klocko@email.com,+1-784 273.652.8915 x454,dFV9eAL5Wg
5100,Stanley,McDermott,stanley.mcdermott@email.com,+502 897-080-6997,yUHhZ9GKRz
7571,Al,Kreiger,al.kreiger@email.com,+677 180-240-0775 x24080,vrDxAZQHa1
1712,Gussie,Zemlak,gussie.zemlak@email.com,+965 430.164.8350 x42657,c0PsoYnxRK
1031,Claudio,Lesch,claudio.lesch@email.com,+676 (118) 005-0483 x2105,Y0LGatczq7
3287,Halina,Bosco,halina.bosco@email.com,+505 1-550-144-7666,1nT9wrRctZ
5478,Bob,Jones,bob.jones@email.com,+248 1-931-903-6802 x275,3TqDAhubwI
2038,Frederick,Wilkinson,frederick.wilkinson@email.com,+1-649 1-707-784-5610,uwlGnjNfMC
870,Shoshana,Braun,shoshana.braun@email.com,+964 1-819-396-5948 x74569,IztUYqjWbe
246,Delbert,Reynolds,delbert.reynolds@email.com,+297 1-310-287-6577 x7929,uHRp7SDKeU
5421,Emerald,Terry,emerald.terry@email.com,+266 (705) 193-5584 x31580,3ry7ITWM9G
4979,Deanne,Koelpin,deanne.koelpin@email.com,+226 1-641-648-7851 x24176,dLH4nNizUC
555,Marti,Kub,marti.kub@email.com,+809 (861) 410-7712,vzmalcMiOJ
4581,Jerica,Mertz,jerica.mertz@email.com,+230 862-477-8946 x6099,PSZkGqIbe6
9808,Lakenya,Raynor,lakenya.raynor@email.com,+1-670 439.217.5779,gAEp4kcydN
229,Cameron,Sporer,cameron.sporer@email.com,+220 638-662-8307 x083,B6IdyXJYKC
1017,Charlott,D'Amore,charlott.d'amore@email.com,+260 1-894-843-3123 x80970,t7mTDYQwNx
6367,Mayola,Will,mayola.will@email.com,+263 479.909.6014 x279,QSKuM5XBqC
5969,Tasha,Lesch,tasha.lesch@email.com,+359 1-231-949-8213,Mjh7yIUikl
9190,Jeremy,Connelly,jeremy.connelly@email.com,+687 108-922-5056 x5221,xW5dCK0nqP
5217,Wilmer,Bailey,wilmer.bailey@email.com,+683 1-730-723-2672,QZJER1SxLN
2068,Salvador,Schaden,salvador.schaden@email.com,+1-869 632-032-0973 x23673,O32iScqAzY
4519,Harold,West,harold.west@email.com,+505 1-363-696-0360,zRdBMK8aig
6413,Darrin,Kozey,darrin.kozey@email.com,+420 1-844-506-9789 x953,6EYU8Zu2qr
4678,Kit,Lebsack,kit.lebsack@email.com,+968 1-219-645-0012 x4891,0tkjSMG58F
2175,Golda,Osinski,golda.osinski@email.com,+249 742.812.8868,GW7txrBmA2
5211,Rodrick,Morar,rodrick.morar@email.com,+685 780-843-2495 x7898,cjd7AyFDR8
1933,Leigh,Will,leigh.will@email.com,+66 215-542-9175 x6141,Z2mVQcYy5T
9374,Dannie,Baumbach,dannie.baumbach@email.com,+855 1-851-838-8451 x303,yCJM4pK02t
1154,Mitchell,Willms,mitchell.willms@email.com,+850 847.298.2495,JATMxj9ZkI
3887,Gordon,Blick,gordon.blick@email.com,+7 934-683-7056 x1594,90tQuAfSEX
9237,Zonia,Carroll,zonia.carroll@email.com,+291 711.082.6353 x621,weqBJFn1TG
3419,Nancie,Farrell,nancie.farrell@email.com,+591 604.470.9013,G6L4zikVr9
5227,Mario,Kuphal,mario.kuphal@email.com,+972 761.466.8103 x44257,LgCQJcPZo7
7059,Nestor,Wilkinson,nestor.wilkinson@email.com,+90 1-656-685-5473 x845,zTFJbktHYA
1472,Eleanore,Stamm,eleanore.stamm@email.com,+64 633.519.9241 x3455,GJrpx4nAHq
9343,Natasha,Heidenreich,natasha.heidenreich@email.com,+1-242 1-917-803-6708 x19941,wTyIrACSjD
7725,Hilario,Stoltenberg,hilario.stoltenberg@email.com,+964 1-552-058-2801 x12467,JjPKTyQ64L
6585,Clint,Crist,clint.crist@email.com,+359 574-918-2830,Uxw4gNKoti
3898,Brad,Balistreri,brad.balistreri@email.com,+226 (858) 699-5775 x967,EgQWmSLJXz
967,Dave,Smitham,dave.smitham@email.com,+968 802.406.6123 x1995,Jz5p10sYDl
7735,Luke,Kerluke,luke.kerluke@email.com,+98 (649) 656-4631,gWchyZov5X
6839,Delmar,Kunze,delmar.kunze@email.com,+257 179-895-6825,iUJvnYXayQ
9512,Herminia,Williamson,herminia.williamson@email.com,+227 136-105-7536 x96863,tBxqTcDnIU
5928,Lon,Runte,lon.runte@email.com,+258 (589) 204-4516,DEPBO58KHw
1100,Malcolm,Hilll,malcolm.hilll@email.com,+46 1-825-929-2836 x7132,2UYNHGmBv0
7968,Rhiannon,Predovic,rhiannon.predovic@email.com,+593 749-148-9248,Xvquz7mkrO
7058,Reinaldo,Stiedemann,reinaldo.stiedemann@email.com,+963 (939) 314-6714 x5380,ApQlMDqXLY
595,Sydney,Nader,sydney.nader@email.com,+977 1-648-871-0044,y6nwUS2cC8
5639,Leonel,Schneider,leonel.schneider@email.com,+371 1-919-158-7810,FVrYBACXyK
461,Dusty,Conn,dusty.conn@email.com,+64 440-240-2396 x34107,MIZLxPd4Uv
2990,Fritz,Goodwin,fritz.goodwin@email.com,+352 1-335-016-0611 x2893,LMbXxQ1hSP
5175,Margeret,Kutch,margeret.kutch@email.com,+680 1-151-286-4150 x0201,6OytjXAIm7
5408,Vito,Jaskolski,vito.jaskolski@email.com,+598 1-301-812-8817,4SIyJH25v8
1789,Vesta,Osinski,vesta.osinski@email.com,+1-684 1-650-199-4926 x1951,FdjTuXEJH1
1467,Tyrone,Collier,tyrone.collier@email.com,+1-670 1-348-341-1160 x661,2F6BHA51GD
1844,Margareta,Schumm,margareta.schumm@email.com,+267 386.253.2976 x67435,iCF1YUhkZX
5497,Buffy,Cartwright,buffy.cartwright@email.com,+95 1-284-493-1698 x960,2xBtmrJuDL
1202,Adeline,Kautzer,adeline.kautzer@email.com,+44 1-822-386-9716 x77974,f4PL5wI7HX
9665,Leilani,Spencer,leilani.spencer@email.com,+261 948.774.5357 x88159,k2tB7IY35A
1377,Akiko,Lowe,akiko.lowe@email.com,+420 (851) 639-7302,NjH1AXKrUO
7581,Dusty,Willms,dusty.willms@email.com,+352 442-327-8093 x507,DiQ0OoCWKb
7609,Tisa,Lehner,tisa.lehner@email.com,+52 1-847-876-1671 x42079,b7g8emdiAN
4813,Edward,Oberbrunner,edward.oberbrunner@email.com,+965 861.540.8723,ryTslXpw64
7179,Marcelino,Kuhlman,marcelino.kuhlman@email.com,+974 677-403-1357 x03094,q9CkTOghJc
6769,Frederica,Ebert,frederica.ebert@email.com,+670 699-113-8543 x5671,75ospxMrmD
1237,Alfredo,Jast,alfredo.jast@email.com,+32 1-887-315-8868 x6899,vKypCAus6M
2563,Emilee,Crist,emilee.crist@email.com,+1-268 376.710.0130 x49300,proOZUe7nj
6655,Florrie,Dibbert,florrie.dibbert@email.com,+218 (432) 869-0427,0NAq67Y4GJ
8920,Royal,Wiza,royal.wiza@email.com,+235 1-303-273-8354 x36238,bY1hjVi0yZ
3206,Malissa,Sanford,malissa.sanford@email.com,+250 980.253.0076 x873,t2PMYBHKm8
379,Dominick,Daugherty,dominick.daugherty@email.com,+57 1-999-012-2832 x66356,MG7FH8S9ng
9962,Terese,Runolfsson,terese.runolfsson@email.com,+856 396-856-3909 x447,NUeXhpsQSG
4762,Wesley,Metz,wesley.metz@email.com,+593 1-563-558-7983 x9440,cUYZBmk5Lh
7732,Nyla,Jast,nyla.jast@email.com,+594 (456) 593-9847 x5504,dGaAxCKryp
8225,Christian,Smith,christian.smith@email.com,+850 701.123.3519,Rrz7lbwB6W
3501,Delfina,Hegmann,delfina.hegmann@email.com,+263 1-735-774-4765 x3175,AOLnP4ZzTy
9310,Jessie,Balistreri,jessie.balistreri@email.com,+247 (122) 480-5072 x301,abX97MxKUC
4405,Marshall,King,marshall.king@email.com,+880 1-209-635-4855 x624,gtniVrhRcA
3333,Emery,Gutmann,emery.gutmann@email.com,+975 649-014-8170 x51383,impyPZw3kN
6417,Edwardo,Lubowitz,edwardo.lubowitz@email.com,+213 (734) 376-8271 x434,8BDU6Osy4p
5869,Niesha,Senger,niesha.senger@email.com,+1 (377) 603-4453,DSUTuWI3tN
307,Vernell,Wilderman,vernell.wilderman@email.com,+299 746.151.1401 x57402,kenHgQN2F7
6542,Belia,Simonis,belia.simonis@email.com,+257 761.600.8648 x045,yQqMzo2TbJ
2359,Annika,Pollich,annika.pollich@email.com,+1-242 651.261.6882,z4enwRx8DO
7198,Ulysses,Hickle,ulysses.hickle@email.com,+251 245-947-7923 x650,XoP5emOGEM
3248,Clay,Hirthe,clay.hirthe@email.com,+595 503-043-7009 x9422,OXATaLzPv1
5586,Sonia,Barton,sonia.barton@email.com,+31 356-862-1725 x282,DwWhb9CNyn
4618,Nathanial,Hettinger,nathanial.hettinger@email.com,+57 849-775-7520 x0680,7b3hBsec4d
9870,Margret,Schaden,margret.schaden@email.com,+591 700.604.0348 x112,OrqVn80UiA
9162,Shaneka,Kessler,shaneka.kessler@email.com,+261 651.971.0592 x7496,B0s7LbdqMn
9388,Neil,Anderson,neil.anderson@email.com,+371 1-553-744-7433 x1178,oGtXBnIrVL
7294,Doreen,Schimmel,doreen.schimmel@email.com,+687 776-409-1036,eplgw6sD5T
3961,Jani,Conn,jani.conn@email.com,+1-784 (484) 400-0440 x0297,bOHBSNWn2h
897,Charles,Halvorson,charles.halvorson@email.com,+40 (330) 800-0075 x70678,g3bCuZsHpL
5626,Debbra,Gutkowski,debbra.gutkowski@email.com,+240 (435) 868-8558 x2553,6imae9oPnN
8716,Olimpia,Hermiston,olimpia.hermiston@email.com,+45 1-887-363-7001 x7318,rzl7dk4LiY
7848,Ignacio,Homenick,ignacio.homenick@email.com,+236 980-224-3092 x0311,at4P62yepB
5592,Floyd,Swift,floyd.swift@email.com,+252 715.177.9659 x6917,hySA7kiOxC
1855,Ivelisse,Schneider,ivelisse.schneider@email.com,+972 (505) 384-7090,VJwvHCW8IP
4417,Wallace,Turcotte,wallace.turcotte@email.com,+596 (853) 395-4050 x853,cf3Cr2g9OL
822,August,Wiegand,august.wiegand@email.com,+1-670 766.324.7086 x2666,GYwXi6AkDP
1396,Brenna,Davis,brenna.davis@email.com,+93 (212) 356-3354 x182,5ydoGuVbPJ
